tower_id,license,tower_name,address,region_id,latitude,longitude
7360,Cellco Partnership,KNKA395,Bendersville 750 Potato Road,2573,39.96847222,-77.26763889
11576,"NEW CINGULAR WIRELESS PCS, LLC",KNKA775,605 PINEY MOUNTAIN RIDGE ROAD   (17438),2574,39.90563889,-77.45116667
11577,"NEW CINGULAR WIRELESS PCS, LLC",KNKA775,201 Tiger Trail   (104426),630,39.73911111,-77.36702778
7356,Cellco Partnership,KNKA395,605 Piney Mtn. Ridge,2574,39.90586111,-77.45080556
7355,Cellco Partnership,KNKA395,80 Ridge Road Ext.,45,39.76655555,-77.25263889
11569,"NEW CINGULAR WIRELESS PCS, LLC",KNKA775,Kindig Road   (101728),73,39.74136111,-77.0775
9553,Alltel Corporation,KNKA202,6201 FREEPORT ROAD,591,40.66583333,-79.69972222
6903,"NEW CINGULAR WIRELESS PCS, LLC",KNKA261,201 FREEPORT ROAD  (3562),2575,40.66583333,-79.69972222
9562,Alltel Corporation,KNKA202,2813 BETHEL CHURCH ROAD,591,40.33838889,-80.04225
9557,Alltel Corporation,KNKA202,1/8 MILE NW OF THE INTERSECTION OF BABCOCK BLVD AND ROUTE 910,384,40.63477778,-80.007
6898,"NEW CINGULAR WIRELESS PCS, LLC",KNKA261,3700 SANDY HILL RD   (3504),34,40.66527778,-79.92058333
6815,"New Cingular Wireless PCS, LLC",KNKN625,146 Reddinger Road (97294),2576,40.96202778,-79.35844445
6809,"New Cingular Wireless PCS, LLC",KNKN625,150 STRIKER RD  (41745),2131,40.71363889,-79.67522222
6826,"New Cingular Wireless PCS, LLC",KNKN625,1190 SLATE POINT RD   (43315),1843,40.66183333,-79.51522222
6813,"New Cingular Wireless PCS, LLC",KNKN625,12585 Route 422   (96129),2374,40.76619444,-79.4185
20519,PENNSYLVANIA RSA NO. 6 (II) LIMITED PARTNERSHIP,KNKQ252,400' N Rt 422 @ BLANKET HILL,2374,40.76619444,-79.4185
6811,"New Cingular Wireless PCS, LLC",KNKN625,325 Madison Avenue   (101034),805,40.63375,-79.59547222
6611,PENNSYLVANIA RSA NO. 6 (I) LIMITED PARTNERSHIP,KNKN870,1/4 MILE E OF I/S RT. 839 & TOWNSHIP RD. 617 (New Bethlehem),1479,40.99227778,-79.31797222
6820,"New Cingular Wireless PCS, LLC",KNKN625,"Rd 1 Box 156F, White Oak Lane  (96148)",1295,40.7915,-79.30044445
6805,"New Cingular Wireless PCS, LLC",KNKN625,Girty Road  (96115),1111,40.70061111,-79.37177778
20521,PENNSYLVANIA RSA NO. 6 (II) LIMITED PARTNERSHIP,KNKQ252,0.33 mi off 3RD STREET EXTENSION,2577,40.61508333,-79.56383333
6907,"NEW CINGULAR WIRELESS PCS, LLC",KNKA261,134 TOWER STREET  (84874),1878,40.80188889,-80.28641667
9561,Alltel Corporation,KNKA202,SHENANGO ROAD,1048,40.83683333,-80.36763889
6905,"NEW CINGULAR WIRELESS PCS, LLC",KNKA261,1735 SHENANGO ROAD  (42146),1048,40.83683333,-80.36763889
6914,"NEW CINGULAR WIRELESS PCS, LLC",KNKA261,624 GEORGETOWN RD  (3468),1205,40.79547222,-80.42883333
9552,Alltel Corporation,KNKA202,2 MI AT 90 DEG FROM,1205,40.80194444,-80.28611111
6908,"NEW CINGULAR WIRELESS PCS, LLC",KNKA261,103 Grandview Avenue  (101027),2565,40.64969444,-80.47952778
6915,"NEW CINGULAR WIRELESS PCS, LLC",KNKA261,137 Glen Eden Road  (3553),1280,40.74725,-80.19683333
9558,Alltel Corporation,KNKA202,BRUCE MANSFIELD STEAM ELECTRIC GENERATING STA,2440,40.63561111,-80.40422222
2047,"New Cingular Wireless PCS, LLC",KNKN779,Fire Tower Road   (96237),1923,40.01313889,-78.55377778
14177,"New Cingular Wireless PCS, LLC",KNKQ251,3 MILES WEST,1923,40.01361111,-78.55638889
2050,"New Cingular Wireless PCS, LLC",KNKN779,1231 Narrow Lane   (96233),1923,39.80472222,-78.64611111
2049,"New Cingular Wireless PCS, LLC",KNKN779,492 MOUNTAIN FARM LANE  (39889),2553,39.94722222,-78.24238889
14178,"New Cingular Wireless PCS, LLC",KNKQ251,Just off T334 1.8 mile South of,1867,39.80480556,-78.64613889
14179,"New Cingular Wireless PCS, LLC",KNKQ251,Everett Cell Site 1.2 miles Southwest of Everett,2343,40.00258333,-78.39975
2051,"New Cingular Wireless PCS, LLC",KNKN779,"RD1, Box 220   (113209)",1671,40.25775,-78.47008333
2048,"New Cingular Wireless PCS, LLC",KNKN779,PA STATE GAME LANDS #97  (44563),1669,40.00119444,-78.40083333
18076,"NEW CINGULAR WIRELESS PCS, LLC",KNKA780,14 BULL LANE   (27886),1979,40.42444444,-75.64277778
18072,"NEW CINGULAR WIRELESS PCS, LLC",KNKA780,IRISH CREEK ROAD RURAL ROUTE 1   (2165),1981,40.45141667,-76.06830556
10192,Cellco Partnership,KNKA370,81 KLAHR RD,1118,40.47775,-76.29244444
18075,"NEW CINGULAR WIRELESS PCS, LLC",KNKA780,81 KLAHR RD   (79666),1118,40.47775,-76.29244444
10189,Cellco Partnership,KNKA370,"ATOP FANCY HILL,  2.75 MILES W OF THE INTERSECTION OF RTE #562 & 73",2452,40.33133333,-75.69325
18073,"NEW CINGULAR WIRELESS PCS, LLC",KNKA780,PINE LANE RURAL ROUTE 1   (2168),2452,40.35163889,-75.68425
18077,"NEW CINGULAR WIRELESS PCS, LLC",KNKA780,1525 CHESTNUT HILL ROAD   (71791),2536,40.19336111,-75.92144444
18069,"NEW CINGULAR WIRELESS PCS, LLC",KNKA780,OLD RT 22   (14631),1664,40.57822222,-75.79422222
10190,Cellco Partnership,KNKA370,2 MI W OF THE INT OF RT 737 & US RT 22,1664,40.57822222,-75.79422222
18074,"NEW CINGULAR WIRELESS PCS, LLC",KNKA780,2451 ROUTE 143   (83261),2312,40.62233333,-75.86375
18070,"NEW CINGULAR WIRELESS PCS, LLC",KNKA780,FIVE POINTS ROAD RURAL ROUTE 2   (2167),2508,40.45805555,-75.69541667
10191,Cellco Partnership,KNKA370,Amblestone Drive and Mountain Holly Lane,2242,40.30216667,-76.00730556
18071,"NEW CINGULAR WIRELESS PCS, LLC",KNKA780,241 Myer Drive   (2197),2253,40.46247222,-76.35844444
18068,"NEW CINGULAR WIRELESS PCS, LLC",KNKA780,INTERSECTION OF ROUTE 183 AND 78   (2199),2214,40.49866667,-76.18666667
18041,"NEW CINGULAR WIRELESS PCS, LLC",KNKA531,100 Lookout Road (2579),2034,40.56905556,-78.44002778
18045,"NEW CINGULAR WIRELESS PCS, LLC",KNKA531,280 Skyline Drive (101043),2034,40.54547222,-78.46847222
12465,Cellco Partnership,KNKA475,"915 METERS E OF LOOKOUT RD. AT WOPSONONOCK, NE OF ALTOONA",2034,40.56761111,-78.44238889
18042,"NEW CINGULAR WIRELESS PCS, LLC",KNKA531,Deer Run Road Room 1 (2580),2034,40.48808333,-78.35227778
18044,"NEW CINGULAR WIRELESS PCS, LLC",KNKA531,164 A Rocky Acre Road (84884),1077,40.34583333,-78.41663889
12464,Cellco Partnership,KNKA475,Lock Mtn Rd  Old Rte 22,2052,40.41533333,-78.29305556
12466,Cellco Partnership,KNKA475,Top of Bald Eagle Mountain,1887,40.67508333,-78.22516667
18043,"NEW CINGULAR WIRELESS PCS, LLC",KNKA531,Rural Route 550 Nealmont Drive (2584),1887,40.67508333,-78.22516667
6330,Bell Atlantic Mobile Systems LLC,KNKQ411,(Canton) 410 Canale Ln,1825,41.66633333,-76.84522222
23766,"New Cingular Wireless PCS, LLC",WPSJ792,"T-319, SE Williams Road (96082)",1825,41.66227778,-76.87105556
23769,"New Cingular Wireless PCS, LLC",WPSJ792,92 Bergamen Drive (99107),2192,41.75797222,-76.63058333
23764,"New Cingular Wireless PCS, LLC",WPSJ792,"T-736, Bradley Road (96088)",1609,41.91661111,-76.50502778
6324,Bell Atlantic Mobile Systems LLC,KNKQ411,TOWANDA CELL SITE ON PLANK ROAD (SR2030),2540,41.76480556,-76.48577778
6327,Bell Atlantic Mobile Systems LLC,KNKQ411,"11,600 feet NW of the Intersection of SR 187 and US 6",2540,41.79016667,-76.43669444
23770,"New Cingular Wireless PCS, LLC",WPSJ792,140 Paines Hill Road (96096),1922,41.78072222,-76.78163889
6328,Bell Atlantic Mobile Systems LLC,KNKQ411,140 Paine Hill Road,1922,41.78072222,-76.78161111
6329,Bell Atlantic Mobile Systems LLC,KNKQ411,"(Wyalusing) T-410, Woods Road",2151,41.64458333,-76.27891667
20249,Cellco Partnership,KNKA204,1000' NORTH OF THE INTERSECTION OF ROUTE 413 AND LOWER MOUNTAIN ROAD,1648,40.31577778,-75.04155556
10528,"NEW CINGULAR WIRELESS PCS, LLC",KNKA382,WEST TRENTON AVENUE (15345),339,40.21038889,-74.79866667
10529,"NEW CINGULAR WIRELESS PCS, LLC",KNKA382,881 HIGHLAND ROAD,1718,40.26691667,-74.91122222
20253,Cellco Partnership,KNKA204,1800' SW OF INTERSECTION OF RTE 412 & ROUTE 611,1791,40.49261111,-75.18211111
10519,"NEW CINGULAR WIRELESS PCS, LLC",KNKA382,21 ACRES WAY (53824),1791,40.54866667,-75.19797222
10531,"NEW CINGULAR WIRELESS PCS, LLC",KNKA382,349 Marienstein Road (101779),1791,40.51961111,-75.14944444
10530,"NEW CINGULAR WIRELESS PCS, LLC",KNKA382,6084 Stoney Hill Road (26191),2245,40.33936111,-74.99202778
10515,"NEW CINGULAR WIRELESS PCS, LLC",KNKA382,2150 ROSEDALE RD (53804),2478,40.47125,-75.40616667
20245,Cellco Partnership,KNKA204,TOWER ROAD (010112),2478,40.38636111,-75.35130556
10536,"NEW CINGULAR WIRELESS PCS, LLC",KNKA382,6648 LAUREL ROAD (78833),2331,40.38516667,-75.00930555
10537,"NEW CINGULAR WIRELESS PCS, LLC",KNKA382,5514 Route 412 (25418),2456,40.53436111,-75.24044445
6808,"New Cingular Wireless PCS, LLC",KNKN625,140 CHURCH ROAD   (40497),1865,40.74283333,-79.91744444
20517,PENNSYLVANIA RSA NO. 6 (II) LIMITED PARTNERSHIP,KNKQ252,1519 GARVIN ROAD,1934,40.73141667,-80.10069444
6828,"New Cingular Wireless PCS, LLC",KNKN625,1116 CRANBERRY WOODS DRIVE   (103392),1934,40.67916667,-80.08163889
6609,PENNSYLVANIA RSA NO. 6 (I) LIMITED PARTNERSHIP,KNKN870,110 Vidic Road,2503,40.99227778,-79.89575
6821,"New Cingular Wireless PCS, LLC",KNKN625,3807 Oneida Valley Rd   (42695),1488,41.17158333,-79.74488889
20518,PENNSYLVANIA RSA NO. 6 (II) LIMITED PARTNERSHIP,KNKQ252,Russell Road,1861,40.84630556,-79.70113889
6822,"New Cingular Wireless PCS, LLC",KNKN625,4330 William Flynn Highway   (96122),902,41.12388889,-80.00883333
20520,PENNSYLVANIA RSA NO. 6 (II) LIMITED PARTNERSHIP,KNKQ252,404 Stone Church Rd,1740,40.89447222,-80.08658333
6810,"New Cingular Wireless PCS, LLC",KNKN625,134 GLADE MILL ROAD   (44565),1785,40.72705556,-79.86438889
6605,PENNSYLVANIA RSA NO. 6 (I) LIMITED PARTNERSHIP,KNKN870,SLIPPERY ROCK CELL SITE 244 SHEILD ROAD,1787,41.10505556,-80.02116667
2445,"NEW CINGULAR WIRELESS PCS, LLC",KNKA470,114 BENEDICT TOWER RD (85087),2469,40.44025,-78.90097222
12467,Cellco Partnership,KNKA475,6/10 of a mile east of Cresson,1168,40.45291667,-78.56183333
12461,Cellco Partnership,KNKA474,6/10 of a mile east of Cresson,1168,40.45291667,-78.56183333
2447,"NEW CINGULAR WIRELESS PCS, LLC",KNKA470,OLD ROUTE 22 (3445),1168,40.45291667,-78.56183333
12454,Cellco Partnership,KNKA474,205 Sunset Road,1269,40.614,-78.70469445
12452,Cellco Partnership,KNKA474,702 New Germany Road,2160,40.44183333,-78.75522222
2440,"NEW CINGULAR WIRELESS PCS, LLC",KNKA470,HEMLOCK STREET (83325),2468,40.48969444,-78.54675
12460,Cellco Partnership,KNKA474,102 Benedict Tower Rd,2469,40.43972222,-78.90008333
12455,Cellco Partnership,KNKA474,(Loretto) 380 Columbia Street,1055,40.51811111,-78.63591667
2448,"NEW CINGULAR WIRELESS PCS, LLC",KNKA470,313 HILLCREST STREET (3448),2402,40.65247222,-78.76727778
2444,"NEW CINGULAR WIRELESS PCS, LLC",KNKA470,320 HIGHLAND HEIGHTS LANE (101510),785,40.63088889,-78.64305556
2436,"NEW CINGULAR WIRELESS PCS, LLC",KNKA470,361 Tower Road. (106157),1696,40.41077778,-78.77397222
19865,Cellco Partnership,KNKN810,May Hollow Road,969,41.49155556,-78.25502778
23346,"New Cingular Wireless PCS, LLC",KNKQ442,170 Marion Road,969,41.51769444,-78.23861111
17278,"NEW CINGULAR WIRELESS PCS, LLC",KNKA314,State Highway Route 93  (83123),971,40.93005556,-75.88763889
17280,"NEW CINGULAR WIRELESS PCS, LLC",KNKA314,RR#1 Box 189 E (Route 93)   (110352),971,40.93505556,-75.93583333
19614,ALLENTOWN SMSA LIMITED PARTNERSHIP,KNKA290,(Kidder) 5 mi ESE I-80 & PA Turnpike,1617,41.04341667,-75.60352778
17269,"NEW CINGULAR WIRELESS PCS, LLC",KNKA314,Lake Drive   (2159),1617,41.04352778,-75.60338889
19616,ALLENTOWN SMSA LIMITED PARTNERSHIP,KNKA290,0.9 MI N OF THE INDUSTRIAL PARK BLVD./ ROUTE 54 INTERSECTION,1157,40.86063889,-75.892
19613,ALLENTOWN SMSA LIMITED PARTNERSHIP,KNKA290,"ON BLUE MOUNTAIN, AT THE INTERSECTION WITH THE NE EXTENSION OF THE PA TWP.",856,40.78147222,-75.64269444
17283,"NEW CINGULAR WIRELESS PCS, LLC",KNKA314,East Mountaintop Road  (101750),2435,40.81961111,-75.8345
17284,"NEW CINGULAR WIRELESS PCS, LLC",KNKA314,SPRING HILL ROAD ROUTE 940 ROAD 1  (12695),1617,41.09238889,-75.74797222
18053,"NEW CINGULAR WIRELESS PCS, LLC",KNKA687,651 Hublers Ridge Rd (15509),305,40.96836111,-77.62902778
12424,Cellco Partnership,KNKA541,TUSSEY MOUNTAIN CELL SITE - 1.9 MILES SOUTH OF HIGHWAY 322 & BEAR MEADOWS ROAD,1535,40.75227778,-77.75416667
18047,"NEW CINGULAR WIRELESS PCS, LLC",KNKA687,Tussey Mountain and Fire Tower Road   (2553),1535,40.75261111,-77.75405556
10225,"NEW CINGULAR WIRELESS PCS, LLC",KNKN556,100 Herring ROAD   (2558),1366,40.89138889,-77.53283333
12422,Cellco Partnership,KNKA541,(Brush Mtn Relo) 218 Running Deer LN,1119,40.89138889,-77.53283333
12421,Cellco Partnership,KNKA541,1.2 MILES S OF,943,40.78227778,-78.04916667
18055,"NEW CINGULAR WIRELESS PCS, LLC",KNKA687,11156 SOUTH EAGLE VALLEY ROAD (110358),943,40.76255556,-78.11166667
18048,"NEW CINGULAR WIRELESS PCS, LLC",KNKA687,84 Prequeisle Street   (2557),1364,40.88011111,-78.17430555
12425,Cellco Partnership,KNKA541,Black Bear Hill 3493 Port Matilda Hwy,1364,40.86036111,-78.16316667
18054,"NEW CINGULAR WIRELESS PCS, LLC",KNKA687,120 DOE RIDGE LANE (43864),859,40.99886111,-77.86816667
18052,"NEW CINGULAR WIRELESS PCS, LLC",KNKA687,107 EAST SYCAMORE ROAD (43088),859,41.00366667,-77.99538889
12420,Cellco Partnership,KNKA541,1109 PURDUE MOUNTAIN ROAD,2438,40.90644444,-77.84027778
18051,"NEW CINGULAR WIRELESS PCS, LLC",KNKA687,102 Beach Creek Road (43087),859,41.02138889,-77.93533333
18050,"NEW CINGULAR WIRELESS PCS, LLC",KNKA687,Route 144 (2560),859,41.01511111,-77.88716667
12423,Cellco Partnership,KNKA541,1.1 miles W of Interchange 22 on Route 80,859,41.02005555,-77.95611111
20250,Cellco Partnership,KNKA204,7.5 MILES TO COATSVILLE @ AZIMUTH 68 DEG,908,39.9415,-75.95025
10520,"NEW CINGULAR WIRELESS PCS, LLC",KNKA382,Laurel Road (113224),160,40.17697222,-75.80175
20246,Cellco Partnership,KNKA204,APPROX 3600' SE OF EXISTING PA TPK RADIO TWR,1139,40.12930556,-75.87822222
10533,"NEW CINGULAR WIRELESS PCS, LLC",KNKA382,375 Hill Road (25284),1139,40.05091667,-75.89411111
10539,"NEW CINGULAR WIRELESS PCS, LLC",KNKA382,PARSONS ROAD (53722),1089,39.75686111,-75.81366667
10534,"NEW CINGULAR WIRELESS PCS, LLC",KNKA382,1363 NEWARK ROAD (25419),1466,39.788,-75.74816667
20247,Cellco Partnership,KNKA204,469 Linestone Rd.,788,39.81577778,-75.97766667
10527,"NEW CINGULAR WIRELESS PCS, LLC",KNKA382,253 MT OLIVET RD (25420),788,39.73338889,-75.96516667
10526,"NEW CINGULAR WIRELESS PCS, LLC",KNKA382,110 School House Rd. (25399),788,39.72958333,-75.87113889
10532,"NEW CINGULAR WIRELESS PCS, LLC",KNKA382,102 SUMMIT RIDGE ROAD (25363),1083,40.00805556,-75.93388889
20259,Cellco Partnership,KNKA204,Boot Rd. & Rt. 202,1579,40.00705556,-75.58436111
6816,"New Cingular Wireless PCS, LLC",KNKN625,420 Shofestall Rd   (43117),1510,41.18547222,-79.22413889
6603,PENNSYLVANIA RSA NO. 6 (I) LIMITED PARTNERSHIP,KNKN870,"1,100' South Southeast from Interchange 7 of Interstate Highway I-80",1185,41.18172222,-79.54255556
6817,"New Cingular Wireless PCS, LLC",KNKN625,1012 St. Mark Road   (96132),966,41.27619445,-79.552
6819,"New Cingular Wireless PCS, LLC",KNKN625,10752 Rte. 28  (96151),1464,41.10405556,-79.21461111
6812,"New Cingular Wireless PCS, LLC",KNKN625,Cottage Hill Rd.   (96143),1458,41.01438889,-79.33697222
6818,"New Cingular Wireless PCS, LLC",KNKN625,31257 Rt 66   (96135),1028,41.35663889,-79.32822222
20154,Cellco Partnership,KNKN869,Township Road,760,41.01961111,-78.35644444
6794,"New Cingular Wireless PCS, LLC",KNKN562,590 SMITH ROAD (43862),760,41.09983333,-78.53369444
20153,Cellco Partnership,KNKN869,ON ROUTE 729; 1.5 MILES NORTH OF THE RT. 729,1228,40.94466667,-78.57986111
6796,"New Cingular Wireless PCS, LLC",KNKN562,560 FIRST STREET (96181),1409,40.81413889,-78.36813889
6795,"New Cingular Wireless PCS, LLC",KNKN562,56 Larson Road (43114),953,40.98544444,-78.17508333
6797,"New Cingular Wireless PCS, LLC",KNKN562,BANNER RIDGE ROAD (OFF HWY 36) (96190),1613,40.88166667,-78.70611111
20160,Cellco Partnership,KNKN869,Kylertown Allport Bigler Road,1031,40.98291667,-78.23561111
6798,"New Cingular Wireless PCS, LLC",KNKN562,RT 153 (96192),1195,41.19372222,-78.56694444
20150,Cellco Partnership,KNKN869,along Rt 322 1 mi W of rt 153,947,41.07611111,-78.55138889
23348,"New Cingular Wireless PCS, LLC",KNKQ442,1954 DALE ROAD   (43123),1057,41.01061111,-78.29705556
1158,"New Cingular Wireless PCS, LLC",KNKN850,APPROXIMATELY 2.2 MILES SOUTHEAST OF,813,41.05755556,-77.56194444
12213,Cellco Partnership,KNKN891,BALD EAGLE MOUNTAIN,813,41.0575,-77.56166667
12215,Cellco Partnership,KNKN891,2.3 MILES FROM GATE ON NITTANY RD.,1375,41.12055556,-77.40536111
12214,Cellco Partnership,KNKN891,1349 MT. RIANSARES ROAD,50,41.05111111,-77.38194444
1151,"New Cingular Wireless PCS, LLC",KNKN850,MT. RIANSARES ROAD,50,41.04755556,-77.38247222
1150,"New Cingular Wireless PCS, LLC",KNKN850,WBPZ-FM TOWER (NOW WSNU-FM),1423,41.147,-77.48747222
12246,Cellco Partnership,KNKN760,Benton Site 4502 Red Rock Road,154,41.21425,-76.38044445
12235,Cellco Partnership,KNKN760,ATOP KNOB MOUNTAIN 1.4 MILES SE OF,157,41.09572222,-76.34433333
11727,"NEW CINGULAR WIRELESS PCS, LLC",KNKN719,MIFFLINVILLE ROAD (2183),1811,40.98730556,-76.30408333
11734,"NEW CINGULAR WIRELESS PCS, LLC",KNKN719,240 Rod and Gun Club Road ( 104442 ),268,41.12852778,-76.54469444
15394,PENNSYLVANIA RSA 1 LIMITED PARTNERSHIP,KNKQ275,Bell Hill Road,516,41.54302778,-80.04836111
6776,"New Cingular Wireless PCS, LLC",KNKN937,28361 Highway 77   (96013),247,41.70841667,-79.97788889
15385,PENNSYLVANIA RSA 1 LIMITED PARTNERSHIP,KNKQ275,9706 West Townline Rd.,149,41.57480556,-80.335
15395,PENNSYLVANIA RSA 1 LIMITED PARTNERSHIP,KNKQ275,20161 Smith Rd.,716,41.74677778,-80.35055556
15396,PENNSYLVANIA RSA 1 LIMITED PARTNERSHIP,KNKQ275,26353 Fry Rd,248,41.84044444,-80.17025
6777,"New Cingular Wireless PCS, LLC",KNKN937,1072 Old National Pike   (96029),289,41.60672222,-80.47736111
6784,"New Cingular Wireless PCS, LLC",KNKN937,TW Route 307 Snake Road  (96044),65,41.49911111,-80.42872222
6783,"New Cingular Wireless PCS, LLC",KNKN937,14642 Airport Rd   (96033),489,41.66486111,-80.43141667
15392,PENNSYLVANIA RSA 1 LIMITED PARTNERSHIP,KNKQ275,Hillview Road,508,41.77255556,-80.15894444
15388,PENNSYLVANIA RSA 1 LIMITED PARTNERSHIP,KNKQ275,21519 SPRING CREEK RD,576,41.63797222,-79.65061111
15567,"NEW CINGULAR WIRELESS PCS, LLC",KNKA339,Tower Road (104524),2328,40.08869444,-77.11752778
13319,Cellco Partnership,KNKA260,LONG MOUNTAIN 200 TOWER ROAD,2328,40.08869444,-77.11752778
13315,Cellco Partnership,KNKA260,2000' UP SOUDER FARM ACCESS ROAD,386,40.26063889,-76.99663889
13314,Cellco Partnership,KNKA260,"RT. 641, 4 MILES WSW OF NEWVILLE",1433,40.14702778,-77.47833333
15555,"NEW CINGULAR WIRELESS PCS, LLC",KNKA339,11 MAINSVILLE RD (2591),124,40.03636111,-77.51180556
13325,Cellco Partnership,KNKA260,(Walnut Bottom Cell Site) 212 Hammond Road,320,40.08797222,-77.43819445
13321,Cellco Partnership,KNKA260,5 MILES EAST OF 283 AND ROUTE 22 JUNCTION. 1 MILE FROM EAST HANOVER TOWNSHIP ON,366,40.34286111,-76.69941667
13324,Cellco Partnership,KNKA260,BEAGLE CLUB CELL SITE- 5280 BEAGLE ROAD,175,40.18444444,-76.63888889
15563,"NEW CINGULAR WIRELESS PCS, LLC",KNKA339,151 HOFFMAN ROAD (85076),500,40.63247222,-76.79963889
15566,"NEW CINGULAR WIRELESS PCS, LLC",KNKA339,2993 Mill Road (66183),175,40.19205556,-76.62488889
15559,"NEW CINGULAR WIRELESS PCS, LLC",KNKA339,3590 Armstrong Valley Road (113905),500,40.53486111,-76.82694444
15564,"NEW CINGULAR WIRELESS PCS, LLC",KNKA339,9706 MOUNTAIN ROAD (82284),366,40.39919444,-76.67980556
13322,Cellco Partnership,KNKA260,HERSHEY PLAZA 215 W. CHOCOLATE AVENUE,1940,40.28444444,-76.65555556
15556,"NEW CINGULAR WIRELESS PCS, LLC",KNKA339,761 Hilltop Road  (48859),1940,40.25077778,-76.66216667
13316,Cellco Partnership,KNKA260,On Peters Mountain 1/2 Mile West of State Route 225,258,40.40786111,-76.94386111
15558,"NEW CINGULAR WIRELESS PCS, LLC",KNKA339,"Stoney Creek Road, State Game Land No. 211 (112860)",26,40.42180555,-76.80652778
13320,Cellco Partnership,KNKA260,1448 HILLSDALE ROAD,676,40.18258333,-76.70775
15562,"NEW CINGULAR WIRELESS PCS, LLC",KNKA339,3524 Foxianna Road (2549),676,40.18602778,-76.68597222
15565,"NEW CINGULAR WIRELESS PCS, LLC",KNKA339,NORTH GRANT STREET (78789),1387,40.58613889,-76.62313889
20265,Cellco Partnership,KNKA204,(Glenolden) KNOWLES AVENUE AT THE CSX RAIL LINE,1281,39.90091667,-75.29511111
10525,"NEW CINGULAR WIRELESS PCS, LLC",KNKA382,Rt. 202 & Summit Str (78831),1570,39.85922222,-75.543
20263,Cellco Partnership,KNKA204,MACDADE BOULEVARD AND MORTON AVENUE,723,39.88602778,-75.32827778
20244,Cellco Partnership,KNKA204,1537 NAAMAN CREEK ROAD,1542,39.83366667,-75.48841667
23350,"New Cingular Wireless PCS, LLC",KNKQ442,1645 Mountain Church Road,1386,41.26191667,-78.69694444
19864,Cellco Partnership,KNKN810,Mountain Church Road,1386,41.26191667,-78.69694444
19861,Cellco Partnership,KNKN810,State Rt 4009 off Kane Lamont,605,41.61766667,-78.80338889
19862,Cellco Partnership,KNKN810,CLEARVIEW DRIVE ON  RTE 219:  2 MILES N OF INTERSECTION  OF,552,41.40952778,-78.70155556
23344,"New Cingular Wireless PCS, LLC",KNKQ442,51039 Boot Jack Road,552,41.37944444,-78.68447222
6136,"New Cingular Wireless PCS, LLC",KNKA743,10910 Route 18 South   (96242),267,41.87116667,-80.37283333
6133,"New Cingular Wireless PCS, LLC",KNKA743,1400 FT N ON KING RD FROM RT 6 & E 800 FT   (96247),507,41.92233333,-79.70980555
15391,PENNSYLVANIA RSA 1 LIMITED PARTNERSHIP,KNKQ275,18445 King Rd.,507,41.92233333,-79.70980555
16500,Cellco Partnership,KNKA496,1100 FRY ROAD,1556,41.92261111,-80.16072222
6131,"New Cingular Wireless PCS, LLC",KNKA743,12210 SILVERTHORN   (96249),1556,41.88422222,-80.18311111
16506,Cellco Partnership,KNKA496,3608 West 26th Street,575,42.08419444,-80.15677778
16502,Cellco Partnership,KNKA496,APPROX 1100 FT S INT I-90 & DOUGAN RD,575,42.15325,-79.88466667
6125,"New Cingular Wireless PCS, LLC",KNKA743,6415 Gorski Road   (81549),575,42.01691667,-80.18744444
6135,"New Cingular Wireless PCS, LLC",KNKA743,5040 West Ridge Road   (96253),575,42.06833333,-80.18986111
16501,Cellco Partnership,KNKA496,10129 CROSS STATION RD,667,41.96622222,-80.32866667
6127,"New Cingular Wireless PCS, LLC",KNKA743,8121 S CREEK RD   (63240),667,41.9765,-80.29894445
6130,"New Cingular Wireless PCS, LLC",KNKA743,1200 PARKWAY DR   (42688),686,42.21869444,-79.81141667
6128,"New Cingular Wireless PCS, LLC",KNKA743,8168 DOUGAN RD   (42729),686,42.15325,-79.88466667
6129,"New Cingular Wireless PCS, LLC",KNKA743,13825 RIDGE ROAD   (42686),689,41.94372222,-80.47427778
6126,"New Cingular Wireless PCS, LLC",KNKA743,ROUTE 215 & I-90 WEST   (63239),689,41.94611111,-80.40180556
16505,Cellco Partnership,KNKA496,15289 MURRAY HILL ROAD,2385,41.91138889,-79.85783333
6132,"New Cingular Wireless PCS, LLC",KNKA743,"Road #1, Old Wattsburg Road   (96273)",2385,41.92338889,-79.82694444
16504,Cellco Partnership,KNKA496,8221 ROUTE 6 N,689,41.91980555,-80.45427778
6134,"New Cingular Wireless PCS, LLC",KNKA743,4060 Route 6   (101036),929,41.87544444,-79.94905556
6137,"New Cingular Wireless PCS, LLC",KNKA743,8795 Fuller Road   (96275),1348,42.01261111,-79.84683333
19869,CELLCO PARTNERSHIP,KNKN817,129 Fire Tower Road,2482,40.01008333,-79.52741667
18374,"New Cingular Wireless PCS, LLC",KNKN781,2063 Isabella Road Extension (96208),2482,40.00647222,-79.56947222
19873,CELLCO PARTNERSHIP,KNKN817,144 MARTIN ROAD,2351,39.76972222,-79.45933333
18369,"New Cingular Wireless PCS, LLC",KNKN781,2499 INDIAN HEAD ROAD (121208),1165,40.03638889,-79.35527778
18378,"New Cingular Wireless PCS, LLC",KNKN781,852 BROWNSVILLE ROAD (96205),1301,40.04336111,-79.87641667
18371,"New Cingular Wireless PCS, LLC",KNKN781,302 SCHROYER ROAD (96215),1478,39.92777778,-79.41805556
19870,CELLCO PARTNERSHIP,KNKN817,164 Jumonville Road,1647,39.85497222,-79.65663889
18367,"New Cingular Wireless PCS, LLC",KNKN781,779 N. LIBERTY STREET (96219),2092,40.10227778,-79.76363889
6774,"New Cingular Wireless PCS, LLC",KNKN937,198 Chestnut Street (96034),1762,41.47091667,-79.11805556
23349,"New Cingular Wireless PCS, LLC",KNKQ442,STATE ROUTE 66 (CHERRY STREET)   (96034),1762,41.47105556,-79.11811111
15397,PENNSYLVANIA RSA 1 LIMITED PARTNERSHIP,KNKQ275,BOX 420 NORTH FOREST RD,1762,41.47977778,-79.121
6788,"New Cingular Wireless PCS, LLC",KNKN937,435 Oak Lane  (96056),2410,41.47238889,-79.45563889
17989,"NEW CINGULAR WIRELESS PCS, LLC",KNKQ397,State Route 16 & Fort Ritchie Access Road (106933),1416,39.7305,-77.47655556
394,Cellco Partnership,KNKN984,1925 Stitley Road,852,39.87258333,-77.62638889
17988,"NEW CINGULAR WIRELESS PCS, LLC",KNKQ397,522 Locke Road (4495),1533,40.08922222,-77.84469444
17980,"NEW CINGULAR WIRELESS PCS, LLC",KNKQ397,1700 Ridge Road (4490),1827,39.96111111,-77.47527778
400,Cellco Partnership,KNKN984,301 S. Antrim Way,1520,39.78266667,-77.73416667
402,Cellco Partnership,KNKN984,Mercersburg Site 11900 Buchanan Trail West (PA13371-A),2060,39.83594444,-77.90794444
17983,"NEW CINGULAR WIRELESS PCS, LLC",KNKQ397,13776 Blairs Valley Road (118997),2060,39.73616667,-77.93005556
17984,"NEW CINGULAR WIRELESS PCS, LLC",KNKQ397,199 Pennsylvania Turnpike (135943),745,40.14202778,-77.64430556
397,Cellco Partnership,KNKN984,16765 TIMMONS RD,1097,40.11608333,-77.74972222
396,Cellco Partnership,KNKN984,7935 WHITE CHURCH ROAD,2191,40.01825,-77.52477778
17982,"NEW CINGULAR WIRELESS PCS, LLC",KNKQ397,11737 Wharf Road (98819),1958,39.77161111,-77.62933333
17985,"NEW CINGULAR WIRELESS PCS, LLC",KNKQ397,11180 Airport Road (98893),1958,39.73541667,-77.53388889
395,Cellco Partnership,KNKN984,12519 COLD SPRING ROAD,1958,39.75563889,-77.60947222
401,Cellco Partnership,KNKN984,3000 FT. EAST OF I 70 NORTH,1900,39.88872222,-78.23344444
17987,"NEW CINGULAR WIRELESS PCS, LLC",KNKQ397,11705 Bark Road (39886),1900,39.88872222,-78.23347222
17981,"NEW CINGULAR WIRELESS PCS, LLC",KNKQ397,2529 Bark Road (4439),1900,40.01119444,-78.14638889
399,Cellco Partnership,KNKN984,ROUTE 475,2097,40.04133333,-78.00063889
398,Cellco Partnership,KNKN984,"R.D. 2, ROUTE 484 (I-70)",894,39.76461111,-78.23047222
17986,"NEW CINGULAR WIRELESS PCS, LLC",KNKQ397,1380 Hill Road (94406),1073,39.74425,-78.26916667
18366,"New Cingular Wireless PCS, LLC",KNKN781,519 Bald Hill Road (96204),2201,39.73302778,-80.0265
18375,"New Cingular Wireless PCS, LLC",KNKN781,3555 West Roy Furman Hwy WRLS (101178),1725,39.88108333,-80.25658333
19872,CELLCO PARTNERSHIP,KNKN817,one Half Mile off T-436,1725,39.87569444,-80.30672222
18377,"New Cingular Wireless PCS, LLC",KNKN781,195 Lee Ave (106909),1889,39.72580556,-80.21025
18376,"New Cingular Wireless PCS, LLC",KNKN781,847 NORTH RICHILL STREET (96223),1889,39.96358333,-80.17538889
18370,"New Cingular Wireless PCS, LLC",KNKN781,344 Longwoods Road (96229),1549,39.85191667,-80.14741667
18373,"New Cingular Wireless PCS, LLC",KNKN781,187 Spotted Pony Road (107372),1795,39.89655556,-80.07444445
19871,CELLCO PARTNERSHIP,KNKN817,TOWNSHIP ROAD T513,1549,39.8575,-80.12055556
10220,"NEW CINGULAR WIRELESS PCS, LLC",KNKN556,"Atop Loop Mtn, Tower Road, Porter Township   (2564)",655,40.49786111,-78.13277778
10222,"NEW CINGULAR WIRELESS PCS, LLC",KNKN556,JACKS MOUNTAIN ROAD   (2565),2139,40.41466667,-77.9025
1653,Cellco Partnership,KNKN924,LUCY FURNACE ROAD 1 MILE NORTH OF INTERSECTION OF 522 & 22,2139,40.41480555,-77.90333333
10219,"NEW CINGULAR WIRELESS PCS, LLC",KNKN556,2471 Nancys Marina Rd.   (2566),2015,40.34336111,-78.15616667
18046,"NEW CINGULAR WIRELESS PCS, LLC",KNKA531,Rte 350 Warriors Mark Road (102017),1911,40.71552778,-78.16669444
20149,Cellco Partnership,KNKN869,3677 Chestnut Ridge Road,2489,40.44866667,-79.15730556
6802,"New Cingular Wireless PCS, LLC",KNKN562,"Penn View Mountain  Road, Route 22 (96163)",2489,40.44866667,-79.15730556
6799,"New Cingular Wireless PCS, LLC",KNKN562,ROAD #1 BOX 625 (96168),2520,40.524,-79.38980556
6804,"New Cingular Wireless PCS, LLC",KNKN562,Whitesell Road (113566),1966,40.78952778,-79.16316667
6791,"New Cingular Wireless PCS, LLC",KNKN562,Health Camp Road (96187),1658,40.62708333,-79.21236111
20151,Cellco Partnership,KNKN869,2172 SKYLINE DR,2039,40.73863889,-79.05477778
6801,"New Cingular Wireless PCS, LLC",KNKN562,6740 E. Highway 22 (101032),1749,40.44416667,-79.09972222
9563,Alltel Corporation,KNKA202,1820 Mulligan Hill Road,1749,40.38991667,-79.09438889
6800,"New Cingular Wireless PCS, LLC",KNKN562,"Road 5, Box 131 A (96200)",2527,40.64566667,-79.272
6803,"New Cingular Wireless PCS, LLC",KNKN562,14345 Rt. 422 Highway E (113029),1807,40.55527778,-78.92388889
19867,Cellco Partnership,KNKN810,1389 Rt 830,1993,41.15002778,-79.03186111
20152,Cellco Partnership,KNKN869,Highway 322,1993,41.15002778,-79.03186111
6792,"New Cingular Wireless PCS, LLC",KNKN562,RADIO TOWER ROAD OFF OF ROUTE 322 (44174),1974,41.18394444,-79.16530556
20155,Cellco Partnership,KNKN869,APPROXIMATELY 1/3 MILE NORTH OF LEGISLATIVE ROUTE 33038,1976,41.16630556,-78.81352778
20157,Cellco Partnership,KNKN869,State Rd. 3017,1978,40.92305556,-78.95833333
6790,"New Cingular Wireless PCS, LLC",KNKN562,466 ALDERTON ROAD (96197),1980,41.12194444,-78.89888889
6793,"New Cingular Wireless PCS, LLC",KNKN562,Route 36 N & Laurel Ridge Road (96174),873,41.02372222,-79.06986111
20156,Cellco Partnership,KNKN869,T.R. 336 Radio Tower Road Off Route 322,2446,41.18394444,-79.16530556
5429,Cellco Partnership,KNKN925,"R.D. #2, BOX 116",1987,40.60369445,-77.31119444
5431,Cellco Partnership,KNKN925,ZIEGLER ROAD,2287,40.57,-77.24138889
10221,"NEW CINGULAR WIRELESS PCS, LLC",KNKN556,ZEIDERS ROAD AT PFOUTZ VALLEY ROAD   (2568),2287,40.58011111,-77.19025
12793,"NEW CINGULAR WIRELESS PCS, LLC",KNKA338,77 N. Main Street (74761),335,41.57477778,-75.50108333
12524,NORTHEAST PENNSYLVANIA SMSA LIMITED PARTNERSHIP,KNKA326,(Mayfield) 1537 GREENFIELD,1731,41.56333333,-75.54722222
12787,"NEW CINGULAR WIRELESS PCS, LLC",KNKA338,AHN 1494 AT STATE ROAD 590 (16233),1755,41.39405556,-75.48230556
12784,"NEW CINGULAR WIRELESS PCS, LLC",KNKA338,JACKSON STREET 307 AND PA TURNPIKE NORTHEAST EXT (2619),2049,41.45813889,-75.70280555
12515,NORTHEAST PENNSYLVANIA SMSA LIMITED PARTNERSHIP,KNKA326,West Mountain Cell Site - 2 mi SW of RTs 307 & 9,337,41.45819444,-75.70222222
12778,"NEW CINGULAR WIRELESS PCS, LLC",KNKA338,IVY PARK ROAD (2655),1824,41.52819445,-75.65888889
12526,NORTHEAST PENNSYLVANIA SMSA LIMITED PARTNERSHIP,KNKA326,Blair Hill Cell Site - 2 mi SW of SRs 2018 & 2017,2251,41.26688889,-75.54938889
15435,"NEW CINGULAR WIRELESS PCS, LLC",KNKA766,91 HILLTOP DRIVE (20289),2022,39.93361111,-76.34602778
7494,Cellco Partnership,KNKA396,322 EAST & STATE GAME LANDS PAST 72/322 SPLIT,1610,40.24086111,-76.37508333
15430,"NEW CINGULAR WIRELESS PCS, LLC",KNKA766,850 FOREST ROAD (82679),1276,40.2965,-76.19755556
7496,Cellco Partnership,KNKA396,(Denver site) 207 BONVIEW DR.,1276,40.23358333,-76.11825
15438,"NEW CINGULAR WIRELESS PCS, LLC",KNKA766,1031 RIDGE ROAD (4452),2423,40.15091667,-76.57944444
15425,"NEW CINGULAR WIRELESS PCS, LLC",KNKA766,70 CEMETARY ROAD (4455),2423,40.13952778,-76.64380556
7490,Cellco Partnership,KNKA396,532 Ridge Drive,1995,40.18272222,-76.13997222
7495,Cellco Partnership,KNKA396,931 CENTER CHURCH RD.,2484,40.178,-76.02541667
15433,"NEW CINGULAR WIRELESS PCS, LLC",KNKA766,160 ROUTE 41 BOX 549 (79098),2249,39.98702778,-75.97866667
15429,"NEW CINGULAR WIRELESS PCS, LLC",KNKA766,OLD HOLTWOOD ROAD (80833),1540,39.82880556,-76.32627778
7497,Cellco Partnership,KNKA396,1764 Kirkwood Pike,2539,39.85355556,-76.07544445
15427,"NEW CINGULAR WIRELESS PCS, LLC",KNKA766,1802 Kirkwood Pike (80744),2539,39.85355556,-76.07544445
15432,"NEW CINGULAR WIRELESS PCS, LLC",KNKA766,557 NORWOOD ROAD (67223),429,40.05427778,-76.48241667
7491,Cellco Partnership,KNKA396,(Elizabethtown site) 1015 GREEN TREE RD.,429,40.15088889,-76.5635
15440,"NEW CINGULAR WIRELESS PCS, LLC",KNKA766,260 DEAD END ROAD (67207),2150,40.23277778,-76.35411111
7499,Cellco Partnership,KNKA396,(East Columbia site) 490 Norwood Rd.,429,40.04938889,-76.49236111
15437,"NEW CINGULAR WIRELESS PCS, LLC",KNKA766,2731 SWAMP ROAD (2171),2464,40.16769444,-75.92219444
15439,"NEW CINGULAR WIRELESS PCS, LLC",KNKA766,7060 DIVISION HIGHWAY (51124),2430,40.10683333,-75.9515
15434,"NEW CINGULAR WIRELESS PCS, LLC",KNKA766,1050 EDWARDS ROAD (67237),2462,40.18577778,-75.95377778
15431,"NEW CINGULAR WIRELESS PCS, LLC",KNKA766,195 KING PEN ROAD (82413),2238,39.78080555,-76.08886111
7492,Cellco Partnership,KNKA396,313 Kinzer Rd,1223,39.96819445,-76.06455556
7359,Cellco Partnership,KNKA395,137A LINDENCAMP LANE,1810,39.79391667,-76.17716667
15428,"NEW CINGULAR WIRELESS PCS, LLC",KNKA766,2632 ROBERT FULTON HIGHWAY (51191),1810,39.73055555,-76.15561111
15426,"NEW CINGULAR WIRELESS PCS, LLC",KNKA766,230 NORTH TANGLEWOOD DRIVE (4484),1687,39.85888889,-76.21277778
15436,"NEW CINGULAR WIRELESS PCS, LLC",KNKA766,645 SWAMP CHURCH ROAD (17074),2280,40.288,-76.12936111
7493,Cellco Partnership,KNKA396,824 Lancaster Pike,1192,39.88691667,-76.2365
6825,"New Cingular Wireless PCS, LLC",KNKN625,1128 South Main Street   (43311),2171,40.95841667,-80.49325
6608,PENNSYLVANIA RSA NO. 6 (I) LIMITED PARTNERSHIP,KNKN870,LOWELLVILLE CELL SITE 240 RT 224,1742,41.01088889,-80.47644444
6607,PENNSYLVANIA RSA NO. 6 (I) LIMITED PARTNERSHIP,KNKN870,Ellwood City Cell Site- Jockey Moore Road,1935,40.87505556,-80.29561111
6604,PENNSYLVANIA RSA NO. 6 (I) LIMITED PARTNERSHIP,KNKN870,Lawrence Junction 2.99 miles NE of,2107,40.89922222,-80.42422222
6824,"New Cingular Wireless PCS, LLC",KNKN625,Mt. Air Rd.   (40472),2107,40.90455556,-80.44738889
6602,PENNSYLVANIA RSA NO. 6 (I) LIMITED PARTNERSHIP,KNKN870,702 CAMERON ROAD,2559,41.02561111,-80.27977778
6827,"New Cingular Wireless PCS, LLC",KNKN625,RD 1 BOX 291 AHN 4 WAMPURN MOUNT AIR RD   (43314),2439,40.8885,-80.38025
6807,"New Cingular Wireless PCS, LLC",KNKN625,125 STATE LINE ROAD   (39906),1936,40.92305556,-80.51833333
6814,"New Cingular Wireless PCS, LLC",KNKN625,1039 Wray Road   (96114),2352,41.10963889,-80.14944445
6806,"New Cingular Wireless PCS, LLC",KNKN625,248 & 1/2 HIGH HILL ROAD   (42097),2356,41.11894444,-80.44522222
6606,PENNSYLVANIA RSA NO. 6 (I) LIMITED PARTNERSHIP,KNKN870,PULASKI CELL SITE:   248 1/2 HIGH HILL ROAD Route 1,2356,41.11894444,-80.44533333
6823,"New Cingular Wireless PCS, LLC",KNKN625,1579 POTTER RUN ROAD   (43305),1973,41.10663889,-80.23211111
3328,"NEW CINGULAR WIRELESS PCS, LLC",KNKQ372,150 HARRISON SCHOOL ROAD   (2573),1079,40.40405556,-76.59763889
12,Cellco Partnership,KNKN893,14 Pleasant View Rd,2388,40.39388889,-76.62402778
3329,"NEW CINGULAR WIRELESS PCS, LLC",KNKQ372,950 JUBILEE ROAD  (2577),1394,40.20863889,-76.54061111
14,Cellco Partnership,KNKN893,"(Swatara Gap) R.D. #2, BOX 4299 GREEN POINT SCHOOL ROAD",1786,40.50241667,-76.54286111
3325,"NEW CINGULAR WIRELESS PCS, LLC",KNKQ372,2168 South Pine Grove Street  (110594),1677,40.39069444,-76.41127778
16,Cellco Partnership,KNKN893,(Lebanon site) 1913 Water Street,1677,40.37441667,-76.45336111
3324,"NEW CINGULAR WIRELESS PCS, LLC",KNKQ372,223 SHEEP HILL ROAD  (66184),1651,40.29658333,-76.28169445
3323,"NEW CINGULAR WIRELESS PCS, LLC",KNKQ372,805 Mine Road  (101801),2274,40.25611111,-76.48827778
3327,"NEW CINGULAR WIRELESS PCS, LLC",KNKQ372,632 East Lincoln Avenue   (2571),1651,40.38155555,-76.28916667
10,Cellco Partnership,KNKN893,ROUTE 743 & ROUTE 341 EAST,1652,40.22633333,-76.54641667
11,Cellco Partnership,KNKN893,679 Ridge Rd,1652,40.32369445,-76.59508333
3330,"NEW CINGULAR WIRELESS PCS, LLC",KNKQ372,Gold Mine Road   (2578),1396,40.50622222,-76.52705556
15,Cellco Partnership,KNKN893,(Campbellton site) 200 Chestnut Road,1652,40.2605,-76.58094445
3326,"NEW CINGULAR WIRELESS PCS, LLC",KNKQ372,659 E. RIDGE RD.   (2536),1652,40.32438889,-76.59472222
13,Cellco Partnership,KNKN893,330 MILLARDVILLE ROAD,1654,40.36825,-76.26263889
17282,"NEW CINGULAR WIRELESS PCS, LLC",KNKA314,2089 PINE TREE ROAD  (84539),2193,40.4935,-75.44969444
17271,"NEW CINGULAR WIRELESS PCS, LLC",KNKA314,3063-A YOST LANE  (2213),2193,40.48730556,-75.47325
17272,"NEW CINGULAR WIRELESS PCS, LLC",KNKA314,10506 OLD RTE 22  (2235),1690,40.57988889,-75.7385
17276,"NEW CINGULAR WIRELESS PCS, LLC",KNKA314,9113 RED RD.  (44133),1685,40.62502778,-75.77166667
19612,ALLENTOWN SMSA LIMITED PARTNERSHIP,KNKA290,1500' E OF N. CHESTNUT RD; 8000' N OF THE INTERSECTION WITH THE EXTENSION OF PA,1971,40.49344444,-75.44963889
17277,"NEW CINGULAR WIRELESS PCS, LLC",KNKA314,8444 KISTLER VALLEY ROAD  (49224),1685,40.64513889,-75.76125
12523,NORTHEAST PENNSYLVANIA SMSA LIMITED PARTNERSHIP,KNKA326,"EAST BERWICK CELL SITE: RT #4, BOX 4079",2444,41.08758333,-76.20466667
12525,NORTHEAST PENNSYLVANIA SMSA LIMITED PARTNERSHIP,KNKA326,DALLAS CELL SITE - 397 COUNTRY CLUB ROAD,1604,41.36147222,-75.97811111
12518,NORTHEAST PENNSYLVANIA SMSA LIMITED PARTNERSHIP,KNKA326,2.05 MILES N OF INTERCHANGE 39 ON INTERSTATE 80,1188,41.08202778,-75.94825
12522,NORTHEAST PENNSYLVANIA SMSA LIMITED PARTNERSHIP,KNKA326,CONYNGHAM CELL SITE: 1 MILE N OF STATE ROUTES 80 AND 93,2473,41.03702778,-76.08491667
12517,NORTHEAST PENNSYLVANIA SMSA LIMITED PARTNERSHIP,KNKA326,1.1 MILES NE OF INTERSECTION OF DIAMOND AVENUE AND CHURCH STREET,2473,40.96841667,-75.95686111
12779,"NEW CINGULAR WIRELESS PCS, LLC",KNKA338,MAPLEWOOD DRIVE PP AND L AT 27 ELM ROAD (2657),2473,40.92330555,-76.03963889
12782,"NEW CINGULAR WIRELESS PCS, LLC",KNKA338,1031 Valley of Lakes   (273989),2473,40.92563889,-76.10388889
12783,"NEW CINGULAR WIRELESS PCS, LLC",KNKA338,Route 93 (45281),2473,41.03475,-76.0885
12516,NORTHEAST PENNSYLVANIA SMSA LIMITED PARTNERSHIP,KNKA326,1.5 MILES SW OF THE INTERSECTION OF ST. RD. 29 AND U.S. ROUTE 11,2326,41.20647222,-76.03686111
12789,"NEW CINGULAR WIRELESS PCS, LLC",KNKA338,30 GOSS ROAD (51192),901,41.30411111,-76.24155556
12788,"NEW CINGULAR WIRELESS PCS, LLC",KNKA338,1115 STATE ROUTE 118 (79738),901,41.29241667,-76.29341667
12785,"NEW CINGULAR WIRELESS PCS, LLC",KNKA338,ROCK GLEN ROAD (2665),2180,41.01316667,-76.17752778
9590,"NEW CINGULAR WIRELESS PCS, LLC",KNKA816,BUNKERHILL RD. (2683),1618,41.18502778,-77.22341667
12281,Cellco Partnership,KNKA564,1 MILE NW OF I/S TRUMAN RUN RD. & RT. 414,1145,41.435,-77.41455556
12279,Cellco Partnership,KNKA564,1 MI  N RT 118 E OF WINSTON RD.,2227,41.23305556,-76.67505555
9589,"NEW CINGULAR WIRELESS PCS, LLC",KNKA816,BUCK HILL RD (2681),2227,41.21916667,-76.69513889
12282,Cellco Partnership,KNKA564,811 Old Fort Road,921,41.19077778,-77.23575
12284,Cellco Partnership,KNKA564,(Wallis Run site) 1831 Mosteller Road,940,41.32177778,-76.94041667
9594,"NEW CINGULAR WIRELESS PCS, LLC",KNKA816,226 Snyder Road   (104516),944,41.17936111,-76.59002778
9591,"NEW CINGULAR WIRELESS PCS, LLC",KNKA816,43 Sulphur Springs Road (110351),944,41.17963889,-76.79880556
12283,Cellco Partnership,KNKA564,(Bald Eagle) 4 MILES NORTH OF INT. OF RT. 554 & SKYLINE D,421,41.21302778,-76.95325
9595,"NEW CINGULAR WIRELESS PCS, LLC",KNKA816,Hwy 44 Box 82 (2682),1124,41.49591667,-77.57983333
9593,"NEW CINGULAR WIRELESS PCS, LLC",KNKA816,"Route 14, (2684)",1362,41.40438889,-77.05441667
9592,"NEW CINGULAR WIRELESS PCS, LLC",KNKA816,ALLENWOOD CAMP ROAD (2685),330,41.16163889,-76.91308333
19868,Cellco Partnership,KNKN810,130 Buchanan Hollow,2521,41.95194445,-78.62461111
19863,Cellco Partnership,KNKN810,Niles Hollow Road and Song,1092,41.91652778,-78.66338889
23345,"New Cingular Wireless PCS, LLC",KNKQ442,Clay Street Extension,1258,41.65847222,-78.79627778
23352,"New Cingular Wireless PCS, LLC",KNKQ442,6253 Route 59,95,41.81327778,-78.70783333
19866,Cellco Partnership,KNKN810,"RD # 1, REILLY HOLLOW ROAD & WMRF",2167,41.81025,-78.38436111
23347,"New Cingular Wireless PCS, LLC",KNKQ442,200 North Street,2167,41.81422222,-78.43886111
8113,"New Cingular Wireless PCS, LLC",KNKA555,107 MC CRACKEN RD (96281),769,41.37980556,-80.41080556
8129,Cellco Partnership,KNKA508,320 Donation Rd,769,41.39358333,-80.32388889
8126,"New Cingular Wireless PCS, LLC",KNKA555,93 Werner Road (96296),769,41.43141667,-80.3665
8116,"New Cingular Wireless PCS, LLC",KNKA555,522 East Main Street (96283),1356,41.15094444,-80.07358333
8120,"New Cingular Wireless PCS, LLC",KNKA555,66 Hemlock Road (19960),1356,41.20161111,-80.03983333
8117,"New Cingular Wireless PCS, LLC",KNKA555,147 Nicklin Road (96262),1356,41.19738889,-80.09658333
8122,"New Cingular Wireless PCS, LLC",KNKA555,87 EAST PINES ROAD (97168),1368,41.46213889,-80.16672222
8115,"New Cingular Wireless PCS, LLC",KNKA555,NORTH KEEL RIDGE ROAD (63248),1082,41.23663889,-80.43366667
8114,"New Cingular Wireless PCS, LLC",KNKA555,2191 East State St. (97169),1082,41.23622222,-80.46913889
8127,Cellco Partnership,KNKA508,2444 Clintonville Rd,1285,41.20811111,-80.15055556
8132,Cellco Partnership,KNKA508,3212 WILMINGTON ROAD,991,41.12866667,-80.28783333
8124,"New Cingular Wireless PCS, LLC",KNKA555,513 Boyd-Steckler Road (96291),1037,41.38561111,-80.12761111
8130,Cellco Partnership,KNKA508,3276 Bethel New Wilmington Rd.,843,41.18005556,-80.39672222
8119,"New Cingular Wireless PCS, LLC",KNKA555,500' S. of 171 Stonepile-School Rd  (17101),1261,41.17627778,-80.29730556
8128,Cellco Partnership,KNKA508,4354 East State Street,1082,41.23644445,-80.43033333
8125,"New Cingular Wireless PCS, LLC",KNKA555,147 Doyle Road (96293),1010,41.35352778,-80.10241667
8121,"New Cingular Wireless PCS, LLC",KNKA555,3839 Saranac Drive (27823),1443,41.28697222,-80.48033333
8131,Cellco Partnership,KNKA508,440 Boyd Rd,1037,41.383,-80.12702778
8123,"New Cingular Wireless PCS, LLC",KNKA555,1831 Perry Highway (96289),982,41.13152778,-80.21794444
8118,"New Cingular Wireless PCS, LLC",KNKA555,100 Farkas Road (97172),1003,41.15586111,-80.46008333
10224,"NEW CINGULAR WIRELESS PCS, LLC",KNKN556,15 S. STUCK STREET   (47508),362,40.69591667,-77.31502778
5430,Cellco Partnership,KNKN925,TOP OF JACKS MTN IN WAYNE TWP MIFFLIN COUNTY,1289,40.41394444,-77.90302778
1652,Cellco Partnership,KNKN924,1.56 MILES SE OF INTERSECTION OF SR,67,40.66077778,-77.57561111
10223,"NEW CINGULAR WIRELESS PCS, LLC",KNKN556,1005 Reedsville Narrows Rd   (2567),67,40.66077778,-77.57561111
12790,"NEW CINGULAR WIRELESS PCS, LLC",KNKA338,Route 402 (85279),1216,41.12125,-75.08922222
12520,NORTHEAST PENNSYLVANIA SMSA LIMITED PARTNERSHIP,KNKA326,(Rocky Ridge) Cambelback Rd,946,41.04438889,-75.37741667
12786,"NEW CINGULAR WIRELESS PCS, LLC",KNKA338,RURAL ROUTE 3 BORGER ROAD (49145),780,40.865,-75.44958333
12521,NORTHEAST PENNSYLVANIA SMSA LIMITED PARTNERSHIP,KNKA326,12300 WEST OF INTERSECTION OF STATE RTES 191 AND 390,1588,41.16341667,-75.31880556
12792,"NEW CINGULAR WIRELESS PCS, LLC",KNKA338,LOT 14 SEPTEMBER CIRCLE (75703),1163,41.03941667,-75.10072222
12777,"NEW CINGULAR WIRELESS PCS, LLC",KNKA338,Godfrey Ridge Drive (2620),1379,40.97886111,-75.16883333
12781,"NEW CINGULAR WIRELESS PCS, LLC",KNKA338,101 Goose Pond Rd. (101783),1588,41.23730556,-75.22033333
12519,NORTHEAST PENNSYLVANIA SMSA LIMITED PARTNERSHIP,KNKA326,1.4 miles SW of Mt. Zion,1379,41.00813889,-75.24880556
12780,"NEW CINGULAR WIRELESS PCS, LLC",KNKA338,CAMELBACK SKI AREA SULLIVAN TRAIL ROAD (2618),946,41.04475,-75.37811111
12791,"NEW CINGULAR WIRELESS PCS, LLC",KNKA338,ROUTE 196 AND ROUTE 423 (49231),824,41.2285,-75.36702778
20264,Cellco Partnership,KNKA204,2596 MURRAY AVENUE,1447,40.12416667,-75.0625
20256,Cellco Partnership,KNKA204,600 RIGHTERS FERRY LANE,1508,40.02011111,-75.21794444
20262,Cellco Partnership,KNKA204,(West Norriton site) 545 Foundry Rd.,1495,40.15483333,-75.37186111
10535,"NEW CINGULAR WIRELESS PCS, LLC",KNKA382,1305 STAUFFER ROAD (25329),811,40.42816667,-75.53963889
20260,Cellco Partnership,KNKA204,(Pottstown) 751 Jackson Street,1246,40.25258333,-75.62963889
17279,"NEW CINGULAR WIRELESS PCS, LLC",KNKA314,4105 Sherry Hill Road  (45241),711,40.62002778,-75.29291667
17270,"NEW CINGULAR WIRELESS PCS, LLC",KNKA314,BLUE MTN WATER AUTHORITY RD 3 MI NNE OF WIND GAP  (2162),324,40.88336111,-75.26083333
11733,"NEW CINGULAR WIRELESS PCS, LLC",KNKN719,775 STATE ROUTE 147 (48394),205,40.63119445,-76.92583333
11723,"NEW CINGULAR WIRELESS PCS, LLC",KNKN719,2.1 MILES SE OF ROUTE 147 OFF RIDGE RD (2259),118,40.9415,-76.82030556
12236,Cellco Partnership,KNKN760,3.7 MI ENE OF SR 147 & BOILE RUN,240,40.77094444,-76.76994444
11729,"NEW CINGULAR WIRELESS PCS, LLC",KNKN719,RT 147 FISHER FERRY ROAD (2265),240,40.743,-76.83377778
15561,"NEW CINGULAR WIRELESS PCS, LLC",KNKA339,KANSAS VALLEY ROAD (ON STATE FOREST) (2518),1330,40.35847222,-77.54663889
13318,Cellco Partnership,KNKA260,"CELL ""LOYSVILLE"" ON HOFFMAN RIDGE (REPEATER) 2.7 MILES EAST OF KISTER",402,40.39536111,-77.38388889
15560,"NEW CINGULAR WIRELESS PCS, LLC",KNKA339,ROUTE 11/15 + CHERRY LANE ON BERRY MOUNTAIN (2517),136,40.51986111,-76.99113889
15557,"NEW CINGULAR WIRELESS PCS, LLC",KNKA339,363 SOULE ROAD (2551),57,40.43652778,-77.15863889
13317,Cellco Partnership,KNKA260,BUFFALO MOUNTAIN CELL SITE:  1.3 MILES ON MOUNTAIN RD FROM 322 WEST AND 34 NORTH,530,40.50563889,-77.11719444
13323,Cellco Partnership,KNKA260,SHERMANS DALE CELL SITE:   1/2 MILE WEST OF 34N ON STATE ROUTE 850,322,40.35980556,-77.19580556
18098,"NEW CINGULAR WIRELESS PCS, LLC",KNKN571,"RR4, Box 4000, Municipal Road (101729)",624,41.13147222,-74.97919444
18100,"NEW CINGULAR WIRELESS PCS, LLC",KNKN571,"RR#5 Minks Pond Road, Box 5295 (101726)",624,41.17316667,-74.95855556
18105,"NEW CINGULAR WIRELESS PCS, LLC",KNKN571,Route 739 & Dark Swamp Rd (103776),99,41.28266667,-74.93486111
18101,"NEW CINGULAR WIRELESS PCS, LLC",KNKN571,280 Welcome Lake Road  (104270),237,41.51538889,-75.08425
12035,Cellco Partnership,KNKN800,(MILFORD) VAN AUKEN HILL RD 3 MI. W.,350,41.32352778,-74.86941667
12032,Cellco Partnership,KNKN800,(TAFTON) 2 MILES SW OF I/S RT. 390 & GUMBLETOWN RD.,1336,41.39055556,-75.20361111
12033,Cellco Partnership,KNKN800,3 MI SW OF SR 402 & HIGHKNOB RD,412,41.29944444,-75.12472222
18104,"NEW CINGULAR WIRELESS PCS, LLC",KNKN571,634 ROUTE 6 (83435),315,41.36016667,-74.89102778
1152,"New Cingular Wireless PCS, LLC",KNKN850,3.2 km SSE of Coudersport,504,41.74783333,-78.00861111
21147,Bell Atlantic Mobile Systems LLC,KNKQ412,(Coudersport site) Dutch Hill Road,504,41.75280556,-78.00180556
21149,Bell Atlantic Mobile Systems LLC,KNKQ412,(Galeton site) 95 West Street,370,41.72202778,-77.65108333
12244,Cellco Partnership,KNKN760,DEER LAKE CELL SITE-2 MILES NW FROM I/S OF MOUNTAIN RD. & DREHERSVILLE RD.,579,40.62827778,-76.04213889
11737,"NEW CINGULAR WIRELESS PCS, LLC",KNKN719,262 Hazle Street (117550),176,40.84508333,-76.05816667
12247,Cellco Partnership,KNKN760,(Frailey site) 2201 Shermans Mtn Road,21,40.65986111,-76.38747222
12240,Cellco Partnership,KNKN760,1 MI N OF I-81 & SR 209,19,40.60836111,-76.46280555
12242,Cellco Partnership,KNKN760,2 MI NW OF SRS 1014 & 818,618,40.84861111,-76.11333333
11735,"NEW CINGULAR WIRELESS PCS, LLC",KNKN719,23 Overlook Drive   (101799),214,40.72733333,-75.86741667
11731,"NEW CINGULAR WIRELESS PCS, LLC",KNKN719,1404 BROAD STREET (40490),739,40.58127778,-76.03247222
12238,Cellco Partnership,KNKN760,2 MILES NE OF I/S RT. 61 & TWP HWY 692A,300,40.6625,-76.17722222
11726,"NEW CINGULAR WIRELESS PCS, LLC",KNKN719,Long Stretch Mill Rd (2268),1427,40.54175,-76.40194444
12239,Cellco Partnership,KNKN760,2 MI SW OF SR 443 & I-81,1427,40.51775,-76.43986111
11728,"NEW CINGULAR WIRELESS PCS, LLC",KNKN719,TUMBLING RUN ROAD (2258),300,40.66669444,-76.16236111
12241,Cellco Partnership,KNKN760,(Tamaqua)2 MILES SE OF I/S RT. 209 & RT. 309,1459,40.79213889,-75.95822222
11725,"NEW CINGULAR WIRELESS PCS, LLC",KNKN719,LOCUST MTN BOYLE RD (2269),1459,40.80658333,-75.98613889
11736,"NEW CINGULAR WIRELESS PCS, LLC",KNKN719,1124 Catawissa Road (110465),695,40.75533333,-76.03419445
12245,Cellco Partnership,KNKN760,19088 Route 522,468,40.75125,-77.2065
12237,Cellco Partnership,KNKN760,3/4 MILE N OF I/S SHADE MTN. RD. & S. R. 104,629,40.76111111,-77.01916667
11724,"NEW CINGULAR WIRELESS PCS, LLC",KNKN719,STATE ROUTE 2026 SHADE MOUNT ROAD (2267),629,40.75680556,-77.03272222
12453,Cellco Partnership,KNKA474,".2 MILES N OF STATE RTE 31, .4 MILES S OF THE PENNSYLVANIA TURNPIKE",1707,39.98261111,-78.97905555
12451,Cellco Partnership,KNKA474,Weaver Road & Hickory,126,40.11494444,-79.20269444
12456,Cellco Partnership,KNKA474,915 Deeter Gap Road,2368,39.95719444,-78.83438889
2439,"NEW CINGULAR WIRELESS PCS, LLC",KNKA470,122 LINCOLN HWY (79924),2371,40.18091667,-79.12927778
2438,"NEW CINGULAR WIRELESS PCS, LLC",KNKA470,776 WATERWHEEL DRIVE (3434),1099,40.0225,-79.29630556
2437,"NEW CINGULAR WIRELESS PCS, LLC",KNKA470,1088 Sunshine Avenue (83324),442,40.11391667,-78.79813889
12457,Cellco Partnership,KNKA474,"Seven Springs Resort, Rd #1",1099,40.0225,-79.29630556
2442,"NEW CINGULAR WIRELESS PCS, LLC",KNKA470,775 BLUBAUCH RD (280951),1800,39.80019444,-79.36
12458,Cellco Partnership,KNKA474,118 SULLIVAN ROAD,126,40.10072222,-79.22469444
2449,"NEW CINGULAR WIRELESS PCS, LLC",KNKA470,1267 CROSSROADS SCHOOL ROAD (107380),1716,39.86844445,-79.04183333
12463,Cellco Partnership,KNKA474,(Meyersdale) 602 Pleasant Hill School Road,1716,39.78544444,-79.07519444
12462,Cellco Partnership,KNKA474,257 BRIDAL ROAD,1872,40.06888889,-79.23422222
12459,Cellco Partnership,KNKA474,6161 GLADES PIKE,1872,39.99408333,-79.02536111
2446,"NEW CINGULAR WIRELESS PCS, LLC",KNKA470,ALLEGHENY TUNNEL (3439),1707,39.95966667,-78.85266667
2441,"NEW CINGULAR WIRELESS PCS, LLC",KNKA470,ENGLES MILL ROAD (107379),1903,39.75380556,-79.07544444
6331,Bell Atlantic Mobile Systems LLC,KNKQ411,(Sonestown) 3058 US Route 220,1353,41.35816667,-76.54597222
23773,"New Cingular Wireless PCS, LLC",WPSJ792,240 South Turnpike Street (96083),1104,41.51402778,-76.39708333
23763,"New Cingular Wireless PCS, LLC",WPSJ792,94-200 Muncy Street (96086),1477,41.40588889,-76.49852778
6326,Bell Atlantic Mobile Systems LLC,KNKQ411,"Laporte Cell Site ullivan County High School, Beech Street",1477,41.41758333,-76.5005
23765,"New Cingular Wireless PCS, LLC",WPSJ792,T-325 Ritchie Road (96094),1353,41.35269445,-76.57008333
17233,"NEW CINGULAR WIRELESS PCS, LLC",KNKA486,KNICKERBOCKER ROAD,838,41.64347222,-75.64486111
17231,"NEW CINGULAR WIRELESS PCS, LLC",KNKA486,2355 UPPER PODUNK RD,1049,41.76852778,-75.68072222
11034,Bell Atlantic Mobile Systems LLC,KNKA578,Harford Cell Site Upper Podunk Road,1049,41.76869444,-75.68102778
17224,"NEW CINGULAR WIRELESS PCS, LLC",KNKA486,ROUTE 106 LENOX,1961,41.69975,-75.65425
11037,Bell Atlantic Mobile Systems LLC,KNKA578,TOWNSHIP ROAD 745,2372,41.9975,-75.77336111
17232,"NEW CINGULAR WIRELESS PCS, LLC",KNKA486,POST POND ROAD / BLUE APARTMENTS,2325,41.83244444,-75.85013889
6322,Bell Atlantic Mobile Systems LLC,KNKQ411,Montrose Cell Site ILL TOP OF OLD FAIRGROUNDS OFF OF GRIFFIS ROAD,2325,41.84091667,-75.87241667
17230,"NEW CINGULAR WIRELESS PCS, LLC",KNKA486,STATE ROAD 20661 AND BLUEBERRY ROAD,755,41.83783333,-75.72013889
11028,Bell Atlantic Mobile Systems LLC,KNKA578,(New Milford site)56 Sutton Road,755,41.86411111,-75.71388889
21144,Bell Atlantic Mobile Systems LLC,KNKQ412,(Wellsboro Cell Site) )Oat Ranch Hill,625,41.66925,-77.28083333
1157,"New Cingular Wireless PCS, LLC",KNKN850,"Atop Bloss Mountain, 9.0 km SW of Blossburg, PA",179,41.62036111,-77.13747222
21148,Bell Atlantic Mobile Systems LLC,KNKQ412,(Blossburg site) Joseph Street,179,41.66577778,-77.06916667
1153,"New Cingular Wireless PCS, LLC",KNKN850,1.0 Mile West of Intersection of Rts. 15 & 6,233,41.80758333,-77.09941667
21146,Bell Atlantic Mobile Systems LLC,KNKQ412,(Mansfield site) AIRPORT ROAD,233,41.80805555,-77.10091667
1154,"New Cingular Wireless PCS, LLC",KNKN850,3.5 miles North of intersection Routes #287 & #15,369,41.95397222,-77.15247222
1155,"New Cingular Wireless PCS, LLC",KNKN850,"8.0 km South of Wellsboro, PA",625,41.66925,-77.28080556
1159,"New Cingular Wireless PCS, LLC",KNKN850,Approx. 2.15km WSW of junction of Rt 49 and Rt 349,1335,41.90777778,-77.55966667
1156,"New Cingular Wireless PCS, LLC",KNKN850,Atop Masonic Temple;  Inetersection of Rts. 49 $ 349.,1335,41.91980555,-77.53913889
12243,Cellco Partnership,KNKN760,WHITE DEER II CELL SITE-5 MI W OF I-80 & I-15,699,41.0875,-76.96638889
11730,"NEW CINGULAR WIRELESS PCS, LLC",KNKN719,87 BOOP DRIVE (80813),116,40.90441667,-77.20519444
11732,"NEW CINGULAR WIRELESS PCS, LLC",KNKN719,Nittany Mountain Road (43858),358,41.05905556,-76.96291667
6787,"New Cingular Wireless PCS, LLC",KNKN937,717 Helper Road   (96059),1962,41.30677778,-79.6455
15384,PENNSYLVANIA RSA 1 LIMITED PARTNERSHIP,KNKQ275,OLD RT 208 BOX 11,2018,41.18108333,-79.75436111
6786,"New Cingular Wireless PCS, LLC",KNKN937,3880 State Route 308   (43111),2018,41.18708333,-79.86766667
15393,PENNSYLVANIA RSA 1 LIMITED PARTNERSHIP,KNKQ275,1418 Clintonville Rd,1327,41.19069444,-79.96408333
6772,"New Cingular Wireless PCS, LLC",KNKN937,535 GIBB RD   (42694),148,41.20525,-79.95091667
15387,PENNSYLVANIA RSA 1 LIMITED PARTNERSHIP,KNKQ275,1.5 MILES E OF I/S RT. 8 & RT. 308,147,41.24680556,-79.90002778
15386,PENNSYLVANIA RSA 1 LIMITED PARTNERSHIP,KNKQ275,Thomas Road,264,41.45116667,-79.66708333
6778,"New Cingular Wireless PCS, LLC",KNKN937,6531 SR 308   (96040),517,41.26361111,-79.92669444
6779,"New Cingular Wireless PCS, LLC",KNKN937,"Route 322, County Line Road (96015)",717,41.49066667,-79.99633333
6780,"New Cingular Wireless PCS, LLC",KNKN937,Weaver Street   (96018),164,41.78491667,-79.08472222
6775,"New Cingular Wireless PCS, LLC",KNKN937,"RD #1, Rt. 6   (96022)",185,41.93638889,-79.53136111
15389,PENNSYLVANIA RSA 1 LIMITED PARTNERSHIP,KNKQ275,RD 2 BOX 204,573,41.79227778,-79.43825
6789,"New Cingular Wireless PCS, LLC",KNKN937,Box 2881 (96047),671,41.95791667,-79.12238889
6773,"New Cingular Wireless PCS, LLC",KNKN937,Bull Hill (96051),531,41.69938889,-79.04202778
15398,PENNSYLVANIA RSA 1 LIMITED PARTNERSHIP,KNKQ275,22 High Street,531,41.69938889,-79.04202778
15390,PENNSYLVANIA RSA 1 LIMITED PARTNERSHIP,KNKQ275,109 CHAPMAN RD,519,41.85880556,-79.10936111
6781,"New Cingular Wireless PCS, LLC",KNKN937,24A Sherman Hill Road   (96062),519,41.92877778,-79.44833333
6901,"NEW CINGULAR WIRELESS PCS, LLC",KNKA261,School Court Road   (3535),166,40.27138889,-80.46527778
9560,Alltel Corporation,KNKA202,Off of School Court Road,166,40.27138889,-80.46527778
6899,"NEW CINGULAR WIRELESS PCS, LLC",KNKA261,WHIPPERILL ROAD   (3522),115,40.39608333,-80.50655556
9559,Alltel Corporation,KNKA202,LAUREL RD,115,40.41208333,-80.43797222
9555,Alltel Corporation,KNKA202,.2 MI NE,251,40.11777778,-80.4225
6895,"NEW CINGULAR WIRELESS PCS, LLC",KNKA261,Route 70  (3590),251,40.119,-80.42072222
6906,"NEW CINGULAR WIRELESS PCS, LLC",KNKA261,47 High Street  (101033),714,39.99738889,-80.00791667
6902,"NEW CINGULAR WIRELESS PCS, LLC",KNKA261,GOODHILL ROAD   (3552),1404,40.00902778,-80.17569444
9551,Alltel Corporation,KNKA202,GOODHILL RD,244,40.00902778,-80.17569444
12036,Cellco Partnership,KNKN800,0.6 MI S OF SRS247 & 371,1229,41.72222222,-75.34722222
12031,Cellco Partnership,KNKN800,1 MILE NE OF RT. 507 & TOTEM POLE RD.,761,41.26416667,-75.39638889
18102,"NEW CINGULAR WIRELESS PCS, LLC",KNKN571,STATE HIGHWAY 507  (78793),761,41.26702778,-75.38822222
12034,Cellco Partnership,KNKN800,(HONESDALE - PA 5) 2 MI NE OF SR 4005 & RUTSCHLIN RD,1012,41.58416667,-75.28083333
18099,"NEW CINGULAR WIRELESS PCS, LLC",KNKN571,St Julians Rt 1 Box 117 (2675),1229,41.78275,-75.34311111
12037,Cellco Partnership,KNKN800,"(Lake Como) Hickory Hill Road, Rt 1, Preston Twp",1499,41.87775,-75.39186111
18103,"NEW CINGULAR WIRELESS PCS, LLC",KNKN571,146 West Carbondale Road (44135),1021,41.57316667,-75.44088889
9554,Alltel Corporation,KNKA202,RT. 819 AND BELL POINT ROAD,1377,40.53416667,-79.53361111
6897,"NEW CINGULAR WIRELESS PCS, LLC",KNKA261,LEGISLATIVE ROUTE 64262   (3503),1252,40.41563889,-79.35702778
9549,Alltel Corporation,KNKA202,"DERRY CELL SITE:  ON CHESTNUT RIDGE, 2.6 MILES ENE OF THE INTERSECTION OF ROUTES",1252,40.30758333,-79.29447222
2443,"NEW CINGULAR WIRELESS PCS, LLC",KNKA470,ALPINE HEIGHTS ROAD (79926),1006,40.04183333,-79.29072222
6909,"NEW CINGULAR WIRELESS PCS, LLC",KNKA261,Forbes Forrest  (3428),1006,40.116,-79.20327778
6910,"NEW CINGULAR WIRELESS PCS, LLC",KNKA261,"RD 5, RIDGE RD  (3587)",2506,40.27308333,-79.33247222
6904,"NEW CINGULAR WIRELESS PCS, LLC",KNKA261,5186 Shearerburg Road   (42820),1110,40.61661111,-79.65311111
6913,"NEW CINGULAR WIRELESS PCS, LLC",KNKA261,KENDI RD  (3650),1491,40.14080556,-79.57566667
6896,"NEW CINGULAR WIRELESS PCS, LLC",KNKA261,FREEMAN FALLS ROAD   (3659),1491,40.15047222,-79.43516667
9550,Alltel Corporation,KNKA202,FREEMAN FALLS ROAD; 3 MILES E OF MOUNT PLEASANT,1491,40.15047222,-79.43516667
6900,"NEW CINGULAR WIRELESS PCS, LLC",KNKA261,SHANNON CREEK ROAD   (3523),161,40.36277778,-79.07972222
9556,Alltel Corporation,KNKA202,VIRGINIA DR.; 2 MILES WEST OF THE RT. 70 & 5,812,40.15722222,-79.81430556
6911,"NEW CINGULAR WIRELESS PCS, LLC",KNKA261,SNYDER RD  (3627),1006,40.11555556,-79.35508333
6912,"NEW CINGULAR WIRELESS PCS, LLC",KNKA261,124 15TH STREET / ALTERNATE ROUTE 66 SOUTH  (3645),1585,40.59091667,-79.57466667
12159,Cellco Partnership,KNKN892,(Brier Mountain) 2 MILES SW OF I/S RT. 292 & RT. 29,1627,41.4515,-76.00894445
23772,"New Cingular Wireless PCS, LLC",WPSJ792,80 Kevin Lane (113501),1090,41.61205556,-75.77933333
12158,Cellco Partnership,KNKN892,OSTERHOUT Cell Site - Approx. 2 mi S of RT 6 in,866,41.52841667,-75.90130556
23762,"New Cingular Wireless PCS, LLC",WPSJ792,State Route 29 (96085),866,41.58380556,-75.93808333
23761,"New Cingular Wireless PCS, LLC",WPSJ792,Shadow Brook Drive (96097),866,41.53625,-75.89863889
23771,"New Cingular Wireless PCS, LLC",WPSJ792,Intersection of Route 29 with Route 309 (96081),1627,41.45072222,-76.00752778
11564,"NEW CINGULAR WIRELESS PCS, LLC",KNKA775,152 WEST POSEY ROAD   (4426),1063,39.83527778,-76.42630556
7354,Cellco Partnership,KNKA395,844 Old Common Rd.,1066,39.93472222,-76.54888889
11566,"NEW CINGULAR WIRELESS PCS, LLC",KNKA775,2514 Delta Road   (111629),926,39.86613889,-76.46797222
11573,"NEW CINGULAR WIRELESS PCS, LLC",KNKA775,650 REISINGER AVENUE   (4433),1066,39.95041667,-76.51041667
7357,Cellco Partnership,KNKA395,(Dillsburg) 104 Old York Rd,190,40.10252778,-77.01688889
11570,"NEW CINGULAR WIRELESS PCS, LLC",KNKA775,587 Garrett Lane   (4391),190,40.09258333,-76.98791667
11572,"NEW CINGULAR WIRELESS PCS, LLC",KNKA775,81 Slateville Road   (110583),2166,39.7315,-76.31083333
7358,Cellco Partnership,KNKA395,Culhane Rd,1445,40.12591667,-76.79269445
11567,"NEW CINGULAR WIRELESS PCS, LLC",KNKA775,3602 Jefferson Avenue   (113231),2168,39.76852778,-76.80516667
7352,Cellco Partnership,KNKA395,(Hanover) 752 High Rock Rd,364,39.85872222,-76.94913889
11575,"NEW CINGULAR WIRELESS PCS, LLC",KNKA775,2941 Baltimore Pike   (10044),364,39.73558333,-76.93686111
11571,"NEW CINGULAR WIRELESS PCS, LLC",KNKA775,373 PLEASANT VIEW ROAD   (2519),1176,40.19175,-76.86747222
11565,"NEW CINGULAR WIRELESS PCS, LLC",KNKA775,30 E. High Street   (104522),1146,39.73516667,-76.70352778
11568,"NEW CINGULAR WIRELESS PCS, LLC",KNKA775,245 Alum Rock Road   (112800),864,39.76311111,-76.47983333
11574,"NEW CINGULAR WIRELESS PCS, LLC",KNKA775,16 COLLEGE AVENUE   (14700),426,39.75036111,-76.587
7353,Cellco Partnership,KNKA395,432 N. MAIN STREET,867,39.79280556,-76.68475
